,org_claim,gen_claim,Accept,QualAcc,QualRej,ReasonRej,RejChange,RejProb,CorrChange,CorrectCom,
0,Bariatric surgery leads to negative outcomes in mental health.,The bariatric surgery leads to the negative outcomes in mental health.,0,,1,2,6,7,,,
10,The risk of female prisoners harming themselves is ten times that of male prisoners.,The risk of female prisoners harming themselves is ten times higher than the male counterparts.,1,2,,,,,8,,
55,Bariatric surgery leads to negative outcomes in mental health.,. Bariatric surgery produces negative results in psychological health,0,,2,2,3,2,,,
56,Bariatric surgery leads to negative outcomes in mental health.,The bariatric surgery leads to negative outcomes for mental health.,1,2,,,,,7,2,
98,Bariatric surgery leads to negative outcomes in mental health.,Surgical bariatric surgery leads to negative outcomes in mental health.,0,,1,1,6,5,,,
102,The risk of female prisoners harming themselves is ten times that of male prisoners.,The risk of female prisoners committing suicide is ten times the level of males.,0,,1,1,8,4,,,
138,Bariatric surgery leads to negative outcomes in mental health.,The bariatric surgery leads to negative outcomes in mental health.,1,2,,,,,7,2,
150,The risk of female prisoners harming themselves is ten times that of male prisoners.,The chance of female prisoners harming themselves is 10 times higher than male prisoners.,1,1,,,,,"(3, 8)",,
217,Bariatric surgery leads to negative outcomes in mental health.,The bariatric surgery leads to negative mental health outcomes,1,2,,,,,"(7, 8)",2,
275,The risk of female prisoners harming themselves is ten times that of male prisoners.,The risk of arousing themselves is ten times greater than it had been with male prisoners.,0,,2,1,8,4,,,
318,Bariatric surgery leads to negative outcomes in mental health.,The bariatric surgery leads to negative outcomes in mental health,1,3,,,,,7,"(2, 4)",
405,Bariatric surgery leads to negative outcomes in mental health.,The bariatric operation leads to negative psychological outcomes.,1,1,,,,,"(3, 7, 8)",,
449,Bariatric surgery leads to negative outcomes in mental health.,#NAME?,0,,3,2,6,2,,,
450,Bariatric surgery leads to negative outcomes in mental health.,The bariatric surgery leads to negative outcomes in the mental health.,0,,1,2,6,7,,,
451,Bariatric surgery leads to negative outcomes in mental health.,Bariatric surgery leads to negative outcomes with mental health.,1,1,,,,,3,,
452,Bariatric surgery leads to negative outcomes in mental health.,Bariatric surgery leads to poor outcomes in mental health.,1,1,,,,,3,,
486,Bariatric surgery leads to negative outcomes in mental health.,The bariatric surgery leads to bad outcomes in mental health.,1,2,,,,,7,2,
487,Bariatric surgery leads to negative outcomes in mental health., Bariatric surgery leads to negative outcomes in mental health.,1,2,,,,,7,2,*
488,Bariatric surgery leads to negative outcomes in mental health.,Bariatric surgery leads to negative outcomes in psychological health.,1,1,,,,,3,,
534,Bariatric surgery leads to negative outcomes in mental health.,Bariatric surgery instigates negative outcomes in mental health.,1,2,,,,,3,1,
535,Bariatric surgery leads to negative outcomes in mental health.,Bariatric surgery leads to negative outcomes in mental health disorders.,0,,2,1,6,4,,,
588,Bariatric surgery leads to negative outcomes in mental health.,Bariatric surgery leads to poor mental health outcomes.,1,1,,,,,"(3, 8)",,
638,Bariatric surgery leads to negative outcomes in mental health.,"Bariatric surgery, on the other hand, leads to negative outcomes in mental health.",1,2,,,,,7,2,
678,Bariatric surgery leads to negative outcomes in mental health.,Bariatric surgery leads to adverse outcomes in mental health.,1,1,,,,,3,*,
679,Bariatric surgery leads to negative outcomes in mental health.,Cardiothequerical surgery leads to negative outcomes in the mental health.,0,,3,1,2,5,,,
686,The risk of female prisoners harming themselves is ten times that of male prisoners.,The risk of female and male prisoners harming themselves is ten times that.,0,,2,"(1, 2)",3,5,,,
687,The risk of female prisoners harming themselves is ten times that of male prisoners.,The risk of female prisoners threatening themselves is ten times that for males.,0,,1,1,8,4,,,
731,Bariatric surgery leads to negative outcomes in mental health.,Surgical intervention in the bariatrics leads to negative outcomes in mental health.,0,,1,2,8,5,,,
819,Bariatric surgery leads to negative outcomes in mental health., bariatric surgery leads to negative outcomes in mental health.,1,3,,,,,7,2,
919,The risk of female prisoners harming themselves is ten times that of male prisoners.,The risk of female prisoners attacking themselves ten times is the male one.,0,,2,1,"(1, 3)",5,,,
952,Bariatric surgery leads to negative outcomes in mental health.,The bariatric surgery results in negative outcomes in mental health.,1,2,,,,,"(7, 8)",2,
998,Bariatric surgery leads to negative outcomes in mental health.,This bariatric surgery leads to negative outcomes in mental health.,0,,1,2,6,4,,,
1043,Bariatric surgery leads to negative outcomes in mental health.,The bariatric surgery causes the negative outcomes in mental health.,0,,2,2,"(1, 6)",5,,,
1044,Bariatric surgery leads to negative outcomes in mental health.,A bariatric procedure leads to negative outcomes in mental health.,1,2,,,,,"(3, 7)",2,
1046,Bariatric surgery leads to negative outcomes in mental health.,The bariatric surgery leads to negative effects in mental health.,1,2,,,,,"(3, 7)",2,
1091,Bariatric surgery leads to negative outcomes in mental health.,Having bariatric surgery leads to negative outcomes in mental health,1,1,,,,,"(7, 12)",2,
1092,Bariatric surgery leads to negative outcomes in mental health.,The bariatric surgery leads to negative outcomes in mental health issues.,0,,2,1,6,4,,,
1093,Bariatric surgery leads to negative outcomes in mental health.,The bariatric - surgery leads to negative outcomes in mental health care,0,,2,2,6,7,,,
1135,Students who perform poorly in the early years of medical school are at increased risk for professional misconduct later in their careers.,Students who fail academically in the first years of medical school are later at increased risk for professional misconduct,1,2,,,,,"(5, 8)",2,
1170,Bariatric surgery leads to negative outcomes in mental health.,Bariatric surgery leads to negative changes in the treatment of mental health.,0,,2,1,"(7, 8)",4,,,
1182,The risk of female prisoners harming themselves is ten times that of male prisoners.,The risk of female prisoners harming themselves is ten times as good as male prisoners.,0,,1,1,8,4,,,
1209,Bariatric surgery leads to negative outcomes in mental health.,The bariatric surgery helps to cause negative outcomes in mental health.,0,,2,1,"(7, 8)",4,,,
1210,Bariatric surgery leads to negative outcomes in mental health.,Bariatric surgery leads to bad outcomes in mental health.,1,1,,,,,3,,
1223,The risk of female prisoners harming themselves is ten times that of male prisoners.,The danger of female prisoners harming themselves is 1000 times higher than that of male prisoners.,0,,3,1,"(1, 5)",4,,,
1258,Bariatric surgery leads to negative outcomes in mental health.,Bariatric surgery is associated with negative outcomes of mental health.,1,2,,,,,8,,
1259,Bariatric surgery leads to negative outcomes in mental health.,Bariatric surgery leads to negative outcomes in terms of mental health.,1,1,,,,,8,,
1364,Bariatric surgery leads to negative outcomes in mental health.,Bariatric surgery leads to negative mental health outcomes.,1,1,,,,,5,,
1411,Bariatric surgery leads to negative outcomes in mental health.,Medical bariatric surgery leads to bad outcomes in mental health.,1,1,,,,,"(7, 8)",,
1457,Bariatric surgery leads to negative outcomes in mental health.,It leads to negative outcomes in psychological health from bariatrectomy.,0,,2,2,"(1, 2, 3)",2,,,
1498,Bariatric surgery leads to negative outcomes in mental health.,It leads to negative outcomes in mental health for bariatric surgery.,0,,2,2,3,2,,,
1499,Bariatric surgery leads to negative outcomes in mental health.,The bariatric surgery results in negative outcomes for mental health.,1,2,,,,,"(3, 5)",2,
1514,The risk of female prisoners harming themselves is ten times that of male prisoners.,The risk of female prisoners harming themselves is ten times more than the one that has been reported to male men.,0,,2,2,"(3, 8)",2,,,
1549,Bariatric surgery leads to negative outcomes in mental health., Bariatric surgery in mental health leads to negative outcomes,0,,2,2,3,2,,,
1636,Bariatric surgery leads to negative outcomes in mental health.,Bariatric surgery leads to bad results in mental health.,1,2,,,,,3,1,
1638,Bariatric surgery leads to negative outcomes in mental health.,Bariatric - surgery leads to negative health outcomes in mental health care.,0,,1,2,6,7,,,
1639,Bariatric surgery leads to negative outcomes in mental health.,Bariatric surgery enables negative results in mental health.,0,,2,2,7,4,,,
1681,Bariatric surgery leads to negative outcomes in mental health.,The bariatric surgery leads negative outcomes of mental health.,0,,2,2,"(4, 6)",2,,,
1744,The risk of female prisoners harming themselves is ten times that of male prisoners.,The risk of female prisoners sustaining themselves is ten times more than the male prisoner.,0,,1,1,"(1, 8)",5,,,
1791,Bariatric surgery leads to negative outcomes in mental health.,"In the mental health department, bariatric surgery leads to negative outcomes.",1,1,,,,,"(5, 9)",,
1839,The risk of female prisoners harming themselves is ten times that of male prisoners.,The risk of female prisoners killing themselves is 10 times that outright ten-fold.,0,,3,2,"(1, 3, 8)",2,,,
1926,Prescribed exercise training improves quality of life.,Prescribed workout training improves the quality of life.,1,1,,,,,"(3, 8)",,
1959,Bariatric surgery leads to negative outcomes in mental health.,The Bariatric surgery leads to negative outcomes in mental health.,1,2,3,,,,"(7, 12)",2,
1971,The risk of female prisoners harming themselves is ten times that of male prisoners.,The risk of female prisoners harming themselves is ten times higher than male ones.,1,2,,,,,8,,
2096,Bariatric surgery leads to negative outcomes in mental health.,"In terms of mental health, bariatric surgery leads to negative results.",1,1,,,,,5,,
2098,Bariatric surgery leads to negative outcomes in mental health.,The bariatric surgery thereby leads to negative outcome in the mental health.,0,,2,2,7,2,,,
2155,Bariatric surgery leads to negative outcomes in mental health.,The bariatric surgery has to lead bad outcomes in mental health.,0,,1,2,"(7, 8)",2,,,
2156,Bariatric surgery leads to negative outcomes in mental health.,#NAME?,0,,3,2,7,2,,,
2158,Bariatric surgery leads to negative outcomes in mental health.,"However, bariatric surgery leads to negative outcomes in mental health.",1,2,,,,,7,,
2208,Prescribed exercise training improves quality of life.,Prescribed fitness training is improved on living quality.,0,,2,2,8,2,,,
2245,Bariatric surgery leads to negative outcomes in mental health., Bariatric surgery produces negative outcomes in mental health.,1,2,,,,,"(3, 6)",2,
2255,Articles published in open access format are more likely to be cited than traditional journals.,"Normally, articles published in open access formats are more likely to be quoted than traditional journals",0,,1,1,"(3, 6)",4,,,
2338,The risk of female prisoners harming themselves is ten times that of male prisoners.,The risk of female prisoners harming themselves is ten times more than those men.,0,,2,1,8,4,,,
2374,Prescribed exercise training improves quality of life.,Fitness training in the prescription improves good quality of life.,0,,2,2,"(1, 3)",5,,,
2454,Bariatric surgery leads to negative outcomes in mental health.,It leads to negative results in mental health from bariatric surgery.,0,,2,2,"(1, 3)",5,,,
2455,Bariatric surgery leads to negative outcomes in mental health.,The Bariatric Surgery leads to negative outcomes in mental health.,1,2,,,,,"(6, 12)",2,
2504,Bariatric surgery leads to negative outcomes in mental health.,Surgical Bariatric surgery leads to negative outcomes in mental health.,0,,1,1,7,5,,,
2513,The risk of female prisoners harming themselves is ten times that of male prisoners.,The risk of female prisoners killing themselves is ten times more than males.,0,,1,1,"(1, 8)",4,,,
2558,Bariatric surgery leads to negative outcomes in mental health.,Bariatric surgery leads to negative outcomes in Mental health.,1,2,,,,,12,2,
2606,Bariatric surgery leads to negative outcomes in mental health.,It leads to negative outcomes in mental health when operations are bariatric.,0,,1,1,3,4,,,
2607,Bariatric surgery leads to negative outcomes in mental health.,– surgery in the bariatric setting leads to negative outcomes in mental health.,0,,2,2,"(3, 6)",2,,,
2648,Bariatric surgery leads to negative outcomes in mental health., Bariatric surgery leads to negative outcomes in mental health disorders,0,,1,1,7,4,,,
2700,Bariatric surgery leads to negative outcomes in mental health.,Bariatric surgery leads to an ill-health mental outcome.,0,,2,2,7,2,,,
2715,The risk of female prisoners harming themselves is ten times that of male prisoners.,The risk of female prisoners threatening themselves is 10 times that the males has.,0,,2,2,8,2,,,
2751,Bariatric surgery leads to negative outcomes in mental health.,The surgery of bariatrics leads to negative outcomes in mental health.,0,,2,2,8,2,,,
2791,Bariatric surgery leads to negative outcomes in mental health.,This bariatric surgery leads to negative outcomes for mental health.,0,,1,2,"(6, 8)",5,,,
2835,Bariatric surgery leads to negative outcomes in mental health.,Bariatric surgery results in poor outcomes in mental health.,1,1,,,,,10,,
2884,Bariatric surgery leads to negative outcomes in mental health.,The bariatric surgery results in negative mental health outcomes.,1,2,,,,,"(7, 8)",2,
2885,Bariatric surgery leads to negative outcomes in mental health.,Having bariatric surgery leads to negative effects in mental health issues.,0,,1,2,7,4,,,
2890,The risk of female prisoners harming themselves is ten times that of male prisoners.,Females are ten times more likely to suffer from harming themselves than male prisoners.,0,,1,1,"(3, 8)",4,,,
2932,The risk of female prisoners harming themselves is ten times that of male prisoners.,The risk of female prisoners actually harming themselves is ten times bigger than that of males.,1,3,,,,,8,,
2972,Bariatric surgery leads to negative outcomes in mental health.,Bariatric surgery leads to ill mental health outcomes.,0,,2,1,1,5,,,
3010,Bariatric surgery leads to negative outcomes in mental health.,Surgery to obtain bariatric procedures results in negative outcomes in mental health.,0,,2,1,8,5,,,
3025,The risk of female prisoners harming themselves is ten times that of male prisoners.,The risk of female prisoners harming themselves is ten times greater than those male ones.,0,,1,1,8,5,,,
3066,Bariatric surgery leads to negative outcomes in mental health.,This bariatric surgery leads to negative outcome in mental health.,0,,1,2,6,2,,,
3067,Bariatric surgery leads to negative outcomes in mental health.,"In psychological health, the bariatric surgery leads to negative outcomes.",1,3,,,,,"(5, 8)",2,
3068,Bariatric surgery leads to negative outcomes in mental health., Bariatric surgery induces negative outcomes in mental health.,1,3,,,,,3,1,
3104,Bariatric surgery leads to negative outcomes in mental health.,He posited it in the practice of bariatric surgery to lead to negative results in mental health.,0,,3,2,"(3, 8)",2,,,
25,Antimicrobial agents are less effective due to the pressure of antimicrobial usage.,Antimicrobial agents are less effective from the pressure of antibio - usage.,0,,1,2,"(1, 8)",2,,,
26,Antimicrobial agents are more effective due to the pressure of antimicrobial usage.,"Through the pressure exerted by antiseptic usage, these agents are more effective than others.",0,,1,1,"(7, 8)",4,,,
31,Cost effectiveness evaluations based on cRCT data lack external validity.,Cost effectiveness evaluations based on the data of CRCT lack external validity.,0,,1,1,2,4,,,
32,Cost effectiveness evaluations based on cRCT data lack external validity.,"In addition, Cost Effectiveness Evaluations based on data from CRCT lack external validity.",0,,2,"(1, 2)","(2, 9)","(4, 7)",,,
46,Bariatric surgery has a positive impact on mental health.,"Bariatric surgery has viewed, as it should be noted that the mental health of patients is improving.",0,,2,2,"(3, 8)",2,,,
47,Bariatric surgery has a positive impact on mental health.,Bariatric surgery has gotten an effect on mental health positively.,0,,2,2,"(3, 8)",2,,,
48,Bariatric surgery has a positive impact on mental health.,Bariatric surgery has viewed an important positive effect on mental health.,0,,2,1,"(6, 8)",5,,,
79,Antimicrobial agents are less effective due to the pressure of antimicrobial usage.,The antimicrobial agents are less effective due to the pressure of antibiotic use.,0,,1,1,"(1, 6)",4,,,
80,Antimicrobial agents are more effective due to the pressure of antimicrobial usage.,Antimicrobials are more effective due to the pressure of antibacterial use.,0,,1,1,1,4,,,
81,Antimicrobial agents are more effective due to the pressure of antimicrobial usage.,"At a peak, antimicrobial agents are more effective because of the pressure placed on them by an antibiotic system.",0,,2,1,"(1, 3, 6, 8)",5,,,
82,Antimicrobial agents are more effective due to the pressure of antimicrobial usage.,"Because of the pressure of anti-microbial use, there are stronger antibacterial drugs.",0,,1,1,"(1, 3, 8)",4,,,
95,Non-invasive ventilation use should be decreased if there is inadequate response to conventional treatment.,"If the use of noninvasive ventilation has an inadequate response to conventional treatment, this must be decreased.",0,,2,1,"(3, 8)",5,,,
96,Non-invasive ventilation use should be decreased if there is inadequate response to conventional treatment.,Non-invasive ventilation should be reduced if there is an inadequate response to conventional treatment.,1,1,,,,,8,,
112,Antimicrobial agents are less effective due to the pressure of antimicrobial usage.,Antimicrobial agents are less effective due to the pressure of anti-microbiome use.,0,,1,1,1,5,,,
113,Antimicrobial agents are more effective due to the pressure of antimicrobial usage.,Antibacterial agents are more effective due to the effects of antimicrobial use.,0,,1,1,1,4,,,
114,Antimicrobial agents are more effective due to the pressure of antimicrobial usage.,Antibiotics are more effective due to the energy of antimicrobial application.,0,,2,1,7,5,,,
119,Pharmacist attendance at ward rounds increases adverse events in wards.,Attendance of pharmacists in ward rounds increases incidence of dangerous events.,1,1,,,,,"(5, 8)",,
127,Bariatric surgery has a positive impact on mental health.,Bariatric surgery has if positive influence on mental health.,0,,1,2,1,2,,,
128,Bariatric surgery has a positive impact on mental health.,"Stable bariatric surgery has, in the mind's health condition.",0,,3,2,8,2,,,
135,Non-invasive ventilation use should be decreased if there is inadequate response to conventional treatment.,The use of non-invasive ventilation should be reduced if the outcome is inadequate to conventional treatment,0,,1,2,3,2,,,
164,Antimicrobial agents are less effective due to the pressure of antimicrobial usage.,Antimicrobial agents are less effective due to the pressure of anti-microbe usage.,1,1,,,,,3,,
174,Bariatric surgery has a positive impact on mental health.,Bariatric surgery has influenced positive affect on mental health.,0,,1,2,6,2,,,
175,Bariatric surgery has a positive impact on mental health.,Bariatric surgery has – have positive effects on mental health,0,,3,2,"(1, 8)",2,,,
176,Bariatric surgery has a positive impact on mental health.,"Bariatric surgery has, as they say positively affect mental health.",0,,1,2,8,2,,,
178,Non-invasive ventilation use should be decreased if there is inadequate response to conventional treatment.,"If there is inadequate response to conventional treatment, the noninvasive ventilation use should be decreased.",1,1,,,,,5,,
198,Antimicrobial agents are less effective due to the pressure of antimicrobial usage.,Antimicrobial agents are less effective due to the pressure from antimicrobial use.,1,1,,,,,3,,
199,Antimicrobial agents are less effective due to the pressure of antimicrobial usage.,Antimicrobial agents are less effective because of pressure of antimicrobial usage.,1,1,,,,,8,,
210,Bariatric surgery has a positive impact on mental health.,bariatric surgery has benefited towards mental health.,0,,2,2,8,2,,,
211,Bariatric surgery has a positive impact on mental health.,Bariatric surgery has 'ed in positive impact on mental health.,0,,2,2,1,2,,,
240,Antimicrobial agents are less effective due to the pressure of antimicrobial usage.,"As a result of the pressure on anti-bacterial agents, biochemicals are less effective.",0,,2,1,"(3, 7, 8)",5,,,
241,Antimicrobial agents are more effective due to the pressure of antimicrobial usage.,"Due to the pressure of anti-microbial exploitation, certain antibiotics are more effective than others.",0,,1,1,"(1, 3, 6)",4,,,
242,Antimicrobial agents are more effective due to the pressure of antimicrobial usage.,"Because of a strain of antimicrobial use, they are more effective.",0,,1,1,"(3, 8)",5,,,
243,Cost effectiveness evaluations based on cRCT data lack external validity.,Cost effectiveness evaluations based on CCRT data are lacking external validity.,0,,1,1,2,4,,,
256,Bariatric surgery has a positive impact on mental health.,The bariatric surgery has reshape and has been positive on mental health.,0,,2,2,3,2,,,
257,Bariatric surgery has a positive impact on mental health.,"Bariatric surgery has, in essence: positive influence on the mental health of people.",0,,2,2,3,2,,,
264,Non-invasive ventilation use should be decreased if there is inadequate response to conventional treatment.,"If there is an inadequate response to conventional treatment, it should be reduced for non-invasive ventilation",0,,2,1,3,4,,,
292,Antimicrobial agents are less effective due to the pressure of antimicrobial usage.,Antimicrobial agents are less effective due to the pressure caused by antimicrobial usage,1,2,,,,,8,2,
293,Antimicrobial agents are more effective due to the pressure of antimicrobial usage.,Antibacterial agents are more effective by the effects of antimicrobial use.,0,,2,2,8,2,,,
294,Antimicrobial agents are more effective due to the pressure of antimicrobial usage.,"Due to pressure of the antimicrobial use, antibacterial agents are more effective.",0,,1,1,"(1, 3)",4,,,
296,Cost effectiveness evaluations based on cRCT data lack external validity.,Cost effectiveness analyses based on cRCT data lack external validity.,1,1,,,,,3,,
297,Cost effectiveness evaluations based on cRCT data lack external validity.,Cost effectiveness evaluations based on data from the cRCT lack external validity.,1,1,,,,,8,,
302,Pharmacist attendance at ward rounds increases adverse events in wards.,The presence of pharmaceutical practitioners in the ward increases adverse events in hospitals.,0,,1,1,"(7, 8)",4,,,
308,Bariatric surgery has a positive impact on mental health.,Bariatric surgery has hp to be positive on mental health.,0,,1,2,8,2,,,
309,Bariatric surgery has a positive impact on mental health.,Bariatric surgery has gotten positive influences on mental health,0,,1,2,8,2,,,
310,Bariatric surgery has a positive impact on mental health.,Bariatric Surgery has influenced healthy mental health positively.,0,,1,1,8,5,,,
313,Non-invasive ventilation use should be decreased if there is inadequate response to conventional treatment.,"If inadequate response to conventional treatments is, non-invasive ventilation should be reduced.",0,,2,2,"(3, 4)",2,,,
314,Non-invasive ventilation use should be decreased if there is inadequate response to conventional treatment.,Non-invasive ventilation use should be decreased if there is an inadequate response to conventional treatment.,1,1,,,,,7,,
347,Bariatric surgery has a positive impact on mental health.,The bariatric surgery has benefited in terms of health and mental wellbeing.,0,,2,1,8,5,,,
351,Non-invasive ventilation use should be decreased if there is inadequate response to conventional treatment.,"If there is inadequate response to conventional treatment, the using non-invasive ventilation should be reduced.",0,,1,2,"(3, 8)",2,,,
378,Antimicrobial agents are more effective due to the pressure of antimicrobial usage.,"Due to the pressure of antimicrobial use, I have found that these are more effective than others",0,,2,1,"(3, 8)",5,,,
379,Antimicrobial agents are more effective due to the pressure of antimicrobial usage.,Antimicrobial agents are more effective with the power of antibacterial use.,0,,1,1,"(1, 8)",4,,,
383,Cost effectiveness evaluations based on cRCT data lack external validity.,Cost effectiveness evaluations based on data from cRCT lack external validity.,1,1,,,,,8,,
384,Cost effectiveness evaluations based on cRCT data lack external validity.,Evaluations of cost effectiveness by cRCT data are absent from outside validity.,0,,2,1,"(1, 3)",5,,,
385,Cost effectiveness evaluations based on cRCT data lack external validity.,External validity comparisons based on the cRCT data lack cost effectiveness analyses.,0,,2,1,"(1, 3)",4,,,
390,Pharmacist attendance at ward rounds increases adverse events in wards.,Pharmacist participation increases adverse events in Wards at wards,0,,2,"(1, 2)",8,"(2, 5)",,,
396,Bariatric surgery has a positive impact on mental health.,Bariatric surgery has effected positive mental health.,0,,1,"(1, 2)",8,"(2, 5)",,,
397,Bariatric surgery has a positive impact on mental health.,Bariatry has. A positive impact on mental health is achieved by bariatrectomy surgery,0,,,,,,,,
398,Bariatric surgery has a positive impact on mental health.,Bariatric surgery has tradiuries on mental health to be positive.,0,,,,,,,,
401,Non-invasive ventilation use should be decreased if there is inadequate response to conventional treatment.,"If there is inadequate response to conventional treatment, then non-invasive ventilation should be decreased.",1,1,,,,,"(5, 6)",,
402,Non-invasive ventilation use should be decreased if there is inadequate response to conventional treatment.,"So that if there is an inadequate response to conventional therapy, the use of non-invasive ventilation should be reduced.",0,,,,,,,,
428,Antimicrobial agents are less effective due to the pressure of antimicrobial usage.,Antimicrobials are less effective due to pressure from antimicrobial use.,1,1,,,,,8,,
429,Antimicrobial agents are less effective due to the pressure of antimicrobial usage.,Antimicrobial agents are because of the pressures of antimicrobial application less effective.,1,2,,,,,"(5, 8)",,
430,Antimicrobial agents are less effective due to the pressure of antimicrobial usage.,We are less effective because of the pressure of antimicrobial usage.,0,,,,,,,,
431,Antimicrobial agents are more effective due to the pressure of antimicrobial usage.,Antimicrobial agents are more effective due to their antibacterial use pressure.,0,,,,,,,,
433,Cost effectiveness evaluations based on cRCT data lack external validity.,Cost-effectiveness evaluations based on cRCT data lack validity.,0,,,,,,,,
434,Cost effectiveness evaluations based on cRCT data lack external validity.,Evaluations of cost effectiveness based on CRCT data lack external validity.,0,,,,,,,,
441,Students who perform poorly in the early years of medical school are less likely to commit professional misconduct later in their careers.,Students who perform poorly in the early years of medical training are less likely to commit professional misconduct later in their careers.,1,2,,,,,3,3,
442,Bariatric surgery has a positive impact on mental health.,A bariatric surgery has measurable positive impact on mental health.,1,2,,,,,7,2,
443,Bariatric surgery has a positive impact on mental health.,Bariatric surgery has measurable positive effect on mental health.,1,1,,,,,7,,
444,Bariatric surgery has a positive impact on mental health.,Bariatric surgery has measurable beneficial implications on mental health.,0,,,,,,,,
446,Non-invasive ventilation use should be decreased if there is inadequate response to conventional treatment.,"if there is an inadequate response to conventional treatment, then the use of non-invasive ventilation should be reduced.",1,1,,,,,"(3, 5)",,
470,Antimicrobial agents are less effective due to the pressure of antimicrobial usage.,antimicrobial agents are less effective by the precipice of use.,0,,,,,,,,
471,Antimicrobial agents are more effective due to the pressure of antimicrobial usage.,Antimicrobial agents are more effective due to the traction of antibacterial use.,0,,,,,,,,
473,Cost effectiveness evaluations based on cRCT data lack external validity.,Cost effectiveness evaluations based on CRCT data lack an outside validity.,0,,,,,,,,
474,Cost effectiveness evaluations based on cRCT data lack external validity.,r Cost effectiveness evaluations drawn on the data cRCT are lacking external validity.,0,,,,,,,,
515,Antimicrobial agents are less effective due to the pressure of antimicrobial usage.,Antimicrobial agents are less effective due to the pressure of anti-microbe.,0,,,,,,,,
516,Antimicrobial agents are more effective due to the pressure of antimicrobial usage.,Effective and effective antimicrobials are due to the pressure of antibacterial use.,0,,,,,,,,
525,Bariatric surgery has a positive impact on mental health.,Bariatric surgery has - A positive impact on mental health;,0,,,,,,,,
530,Non-invasive ventilation use should be decreased if there is inadequate response to conventional treatment.,Non-invasive ventilation use should be decreased if conventional treatment does not give good results.,1,1,,,,,"(5, 8)",,
531,Non-invasive ventilation use should be decreased if there is inadequate response to conventional treatment.,"If there is an inadequate response to conventional treatment, use of non-invasive ventilation should be decreased.",1,1,,,,,5,,
561,Antimicrobial agents are more effective due to the pressure of antimicrobial usage.,Antimicrobial agents are more effective due to pressure of antibacterial use.,0,,,,,,,,
565,Cost effectiveness evaluations based on cRCT data lack external validity.,Cost efficiency evaluations based on the data of CRCT are lacking external validity,0,,,,,,,,
566,Cost effectiveness evaluations based on cRCT data lack external validity.,Cost effectiveness evaluations based on the data of CRCT are lacking external validity.,0,,,,,,,,
578,Students who perform poorly in the early years of medical school are less likely to commit professional misconduct later in their careers.,Students who perform poorly in the first years of medical school are less likely later to commit professional misconduct.,1,1,,,,,"(3, 6)",,
579,The DESMOND program demonstrates no significant impact on lifestyles outcomes.,The DESMOND programme possesses no significant impact on lifestyle outcomes.,0,,,,,,,,
587,Non-invasive ventilation use should be decreased if there is inadequate response to conventional treatment.,The use of non-invasive ventilation if there is no adequate response to conventional treatment was reduced.,0,,,,,,,,
614,Antimicrobial agents are more effective due to the pressure of antimicrobial usage., Antimicrobial agents are more effective due to the potential of anti-bacterial usage.,0,,,,,,,,
615,Antimicrobial agents are more effective due to the pressure of antimicrobial usage.,The antimicrobial agents are more effective due to the importance of antimicrobial use.,0,,,,,,,,
616,Antimicrobial agents are more effective due to the pressure of antimicrobial usage.,"Due to the volume of antimicrobial use, agents are more effective.",0,,,,,,,,
620,Cost effectiveness evaluations based on cRCT data lack external validity.,Cost effectiveness evaluations based on the data from CRCT lack external validity.,0,,,,,,,,
631,Bariatric surgery has a positive impact on mental health.,"The bariatric surgery has had, by having positive effects on mental health.",0,,,,,,,,
632,Bariatric surgery has a positive impact on mental health.,Bariatric surgery has accompanied if positive the mental health of some,0,,,,,,,,
634,Non-invasive ventilation use should be decreased if there is inadequate response to conventional treatment.,"If there is an inadequate response to conventional treatment, then the non-invasive ventilation use should be reduced.",1,1,,,,,"(3, 5)",,
658,Cost effectiveness evaluations based on cRCT data lack external validity.,Cost effectiveness analyses based on the CRCT data lack external validity,0,,,,,,,,
672,Bariatric surgery has a positive impact on mental health.,"In terms of mental health, a Bariocrean intervention has attributed it to positive impacts.",0,,,,,,,,
675,Non-invasive ventilation use should be decreased if there is inadequate response to conventional treatment.,"If there is an inadequate response to the conventional treatment, non-invasive ventilation management should be reduced.",0,,,,,,,,
699,Antimicrobial agents are less effective due to the pressure of antimicrobial usage.,Antimicrobial agents are less effective due to pressure from antimicrobation.,0,,,,,,,,
700,Antimicrobial agents are more effective due to the pressure of antimicrobial usage.,Antimicrobial agents are more effective due to the pressure of anti-microbians treatment.,0,,,,,,,,
701,Antimicrobial agents are more effective due to the pressure of antimicrobial usage.,Antimicrobial substances are more effective due to the antibacterial use pressure.,0,,,,,,,,
702,Antimicrobial agents are more effective due to the pressure of antimicrobial usage.,"Due to the pressure of antimicrobial use, some anti-antibacterial agents are more effective.",0,,,,,,,,
706,Cost effectiveness evaluations based on cRCT data lack external validity.,Cost effectiveness studies based on CRCT data lack external validity.,0,,,,,,,,
717,The DESMOND program demonstrates no significant impact on lifestyles outcomes.,The DESMOND - Programme does not have significant impact on the outcomes of lifestyle.,0,,,,,,,,
719,Bariatric surgery has a positive impact on mental health.,Bariatric surgery has rated positive influence on mental health.,0,,,,,,,,
720,Bariatric surgery has a positive impact on mental health.,"Bariatric surgery has, as it helps mental health to improve.",0,,,,,,,,
721,Bariatric surgery has a positive impact on mental health.,Bariatric surgery has benefited mental health benefit,0,,,,,,,,
727,Non-invasive ventilation use should be decreased if there is inadequate response to conventional treatment.,The lack of use of non-invasive ventilation should be reduced if there is inadequate response to conventional treatments.,0,,,,,,,,
728,Non-invasive ventilation use should be decreased if there is inadequate response to conventional treatment.,"If there is an inadequate response to the conventional treatment, it should be reduced by non-invasive ventilation.",0,,,,,,,,
729,Non-invasive ventilation use should be decreased if there is inadequate response to conventional treatment.,"If a non-invasive ventilation use is not adequate to standard treatment, then it should be reduced.",0,,,,,,,,
749,Antimicrobial agents are less effective due to the pressure of antimicrobial usage.,Antimicrobial agents are less effective by the pressure of infection.,0,,,,,,,,
752,Cost effectiveness evaluations based on cRCT data lack external validity.,Cost effectiveness evaluations based on the data contained in CRCT lack external validity.,0,,,,,,,,
753,Cost effectiveness evaluations based on cRCT data lack external validity.,Evaluations of cost effectiveness based on cRCT data lack external validity,1,1,,,,,"(5, 12)",2,
755,Cost effectiveness evaluations based on cRCT data lack external validity.,Cost effectiveness evaluations based on the CRCT data are lacking external validity,0,,,,,,,,
765,Students who perform poorly in the early years of medical school are less likely to commit professional misconduct later in their careers.,Students who perform poorly in the early years of medical education are less likely to later commit professional misconduct.,1,1,,,,,"(3, 5)",,
767,Bariatric surgery has a positive impact on mental health.,Dr. Bariatric surgery has influenced people mentally health with positive results,0,,,,,,,,
768,Bariatric surgery has a positive impact on mental health.,Bariatric surgery has regarded as having optimum mental health results.,0,,,,,,,,
769,Bariatric surgery has a positive impact on mental health.,Bariatric surgery has opportune impact on mental health.,0,,,,,,,,
773,Non-invasive ventilation use should be decreased if there is inadequate response to conventional treatment.,It should be less than the use of invasive ventilation when there is inadequate response to conventional treatment,0,,,,,,,,
774,Non-invasive ventilation use should be decreased if there is inadequate response to conventional treatment.,"No-invasive ventilation, should be reduced when there is lack of response to conventional treatment",0,,,,,,,,
800,Antimicrobial agents are more effective due to the pressure of antimicrobial usage.,"Due to the threat of anti-microbial use, more effective agents are available.",0,,,,,,,,
801,Antimicrobial agents are more effective due to the pressure of antimicrobial usage.,"Due to the pressure of antimicrobial use, more effective anti-bacterial agents are.",0,,,,,,,,
811,Bariatric surgery has a positive impact on mental health.,Bariatric surgery has based on mental health positive impact.,0,,,,,,,,
812,Bariatric surgery has a positive impact on mental health.,Bariatric surgery has influenced mental health positively.,0,,,,,,,,
816,Non-invasive ventilation use should be decreased if there is inadequate response to conventional treatment.,"If there is an inadequate response to conventional treatments, the use of non-invasive ventilation should be reduced.",1,1,,,,,"(3, 5)",,
817,Non-invasive ventilation use should be decreased if there is inadequate response to conventional treatment.,The non-invasive ventilation may be reduced if there is inadequate response to the conventional treatment.,0,,,,,,,,
846,Antimicrobial agents are more effective due to the pressure of antimicrobial usage.,Antibiotic agents are stronger due to its use of antimicrobials.,0,,,,,,,,
849,Cost effectiveness evaluations based on cRCT data lack external validity.,Cost effectiveness evaluations for cRCT data lack external validity.,0,,,,,,,,
855,Bariatric surgery has a positive impact on mental health.,Bariatric surgery has opportune impacts on mental health,0,,,,,,,,
856,Bariatric surgery has a positive impact on mental health.,The bariatric surgery has measurable positive effects on the health of the mind.,1,2,,,,,"(7, 8)",1,
858,Non-invasive ventilation use should be decreased if there is inadequate response to conventional treatment.,"If there is no appropriate response to conventional treatment, Non-invasive ventilation should be reduced.",1,2,,,,,"(5, 8, 12)",2,
859,Non-invasive ventilation use should be decreased if there is inadequate response to conventional treatment.,If there is an inadequate response to conventional treatment then non-invasive ventilation should be reduced.,1,1,,,,,"(3,  5)",,
860,The risk of male prisoners harming themselves is ten times that of female prisoners.,The risk of men prisoners personally harming is ten times higher than females,0,,,,,,,,
932,Antimicrobial agents are less effective due to the pressure of antimicrobial usage.,Antimicrobial Agents are under less effective due to the pressure of antibacterial usage.,0,,,,,,,,
933,Antimicrobial agents are more effective due to the pressure of antimicrobial usage.,"Due to the press of antimicrobial usage, antibacterial agents are more effective.",0,,,,,,,,
934,Antimicrobial agents are more effective due to the pressure of antimicrobial usage.,Antimicrobial agents are more effective due to antibacterial use pressure.,0,,,,,,,,
935,Antimicrobial agents are more effective due to the pressure of antimicrobial usage.,Due to the effect of antimicrobial use they are more effective.,0,,,,,,,,
937,Cost effectiveness evaluations based on cRCT data lack external validity.,Most cost effectiveness studies based on the cRCT data lack external validity.,0,,,,,,,,
948,Bariatric surgery has a positive impact on mental health.,The bariatric surgery has – to  positive impact on mental health.,0,,,,,,,,
978,Antimicrobial agents are less effective due to the pressure of antimicrobial usage.,Antimicrobial agents are less effective because of the pressure and antimicrobial use.,0,,,,,,,,
979,Antimicrobial agents are less effective due to the pressure of antimicrobial usage.,Antimicrobial agents are less effective due to a pressure of antibiotrophysic usage.,0,,,,,,,,
980,Antimicrobial agents are more effective due to the pressure of antimicrobial usage.,Antimicrobial agents are more effective due to the effort of anti-bacterial use.,0,,,,,,,,
981,Cost effectiveness evaluations based on cRCT data lack external validity.,Cost effectiveness evaluations based on data from the RCT fail to provide external validity.,0,,,,,,,,
982,Cost effectiveness evaluations based on cRCT data lack external validity.,External cost effectiveness evaluations based on cRCT data lack external validity.,0,,,,,,,,
991,Bariatric surgery has a positive impact on mental health.,Bariatric surgery has h-Number affect on mental health,0,,,,,,,,
997,Non-invasive ventilation use should be decreased if there is inadequate response to conventional treatment.,Using noninvasive ventilation should be reduced when there is an inadequate response to conventional treatment.,1,1,,,,,8,,
1019,Antimicrobial agents are less effective due to the pressure of antimicrobial usage.,Antimicrobial agents are reduced due to the influence of anti-microbes.,0,,,,,,,,
1020,Antimicrobial agents are more effective due to the pressure of antimicrobial usage.,Antimicrobial agents are more effective due to the strain of antibacterial use.,0,,,,,,,,
1021,Antimicrobial agents are more effective due to the pressure of antimicrobial usage.,Auxiliary of the usage anti-microbial agents are much more effective.,0,,,,,,,,
1034,Bariatric surgery has a positive impact on mental health.,"Bariatric surgery has, indeed. A positive impact on mental health is",0,,,,,,,,
1035,Bariatric surgery has a positive impact on mental health.,Bariatric surgery has impacted on psychological health positively,0,,,,,,,,
1036,Bariatric surgery has a positive impact on mental health.,"In a positive way, surgery on the mental health has been associated with Bari-Panelists.",0,,,,,,,,
1040,Non-invasive ventilation use should be decreased if there is inadequate response to conventional treatment.,"For example, the non-invasive ventilation should be reduced when there is an inadequate response to standard treatment.",1,2,,,,,8,2,
1041,Non-invasive ventilation use should be decreased if there is inadequate response to conventional treatment.,"Assuming that there is inadequate response in the conventional treatment, non-invasive ventilation should be reduced.",1,2,,,,,"(5, 8)",,
1042,Non-invasive ventilation use should be decreased if there is inadequate response to conventional treatment.,Conventional ventilation should be decreased when the effectiveness of it is inadequate.,0,,,,,,,,
1069,Antimicrobial agents are less effective due to the pressure of antimicrobial usage.,Antimicrobials are less effective due to the usage pressure.,1,2,,,,,8,,
1082,Bariatric surgery has a positive impact on mental health.,bariatric procedure has accompanied to an effective effect on mental health.,0,,,,,,,,
1083,Bariatric surgery has a positive impact on mental health.,Bariatric surgery has ointment beneficial impact on mental health.,0,,,,,,,,
1087,Non-invasive ventilation use should be decreased if there is inadequate response to conventional treatment.,"Similarly, non-invasive ventilation should be reduced when there are low results to conventional treatment.",0,,,,,,,,
1088,Non-invasive ventilation use should be decreased if there is inadequate response to conventional treatment.,"If there is an inadequate response to conventional treatment, non-invasive ventilation should be reduced.",1,1,,,,,"(3, 5)",,
1089,Non-invasive ventilation use should be decreased if there is inadequate response to conventional treatment.,"If there is inadequate response to conventional treatment, use of non-invasive ventilation should be reduced.",1,1,,,,,"(3, 5)",,
1090,The risk of male prisoners harming themselves is ten times that of female prisoners.,Male prisoners'risking to harm themselves is ten times greater than female prisoners,0,,,,,,,,
1112,Antimicrobial agents are less effective due to the pressure of antimicrobial usage.,"Aufgrund of the pressure on antimicrobial use, agents are less effective.",0,,,,,,,,
1125,Non-invasive ventilation use should be decreased if there is inadequate response to conventional treatment.,"If there is an inadequate response to conventional treatment, use of non-invasive ventilation should be lessened.",1,2,,,,,"(3, 5)",,
1144,Antimicrobial agents are more effective due to the pressure of antimicrobial usage.,Antimicrobial agents are more effective due to the use of antimicrobial drugs.,0,,,,,,,,
1145,Antimicrobial agents are more effective due to the pressure of antimicrobial usage.,"By the pressure of antimicrobial usage, anti-bacteral agents become more effective.",0,,,,,,,,
1148,Cost effectiveness evaluations based on cRCT data lack external validity.,Cost effectiveness evaluations based on data from the CRCT lack external validity.,0,,,,,,,,
1163,Bariatric surgery has a positive impact on mental health.,Bariatric surgery has influenced the mental health positively.,0,,,,,,,,
1164,Bariatric surgery has a positive impact on mental health.,Bariatric surgery has influenced on mental health positively.,1,3,,,,,8,2,
1169,The risk of male prisoners harming themselves is ten times that of female prisoners.,The risk of harming the individual is ten times that for female prisoners.,0,,,,,,,,
1193,Antimicrobial agents are more effective due to the pressure of antimicrobial usage.,"Due to the pressure of anti-microbial use, antibacterial agents are more effective.",0,,,,,,,,
1194,Cost effectiveness evaluations based on cRCT data lack external validity.,Cost effectiveness appraisals based on cRCT data lack external validity.,1,1,,,,,8,,
1195,Cost effectiveness evaluations based on cRCT data lack external validity.,Cost effectiveness evaluations based on the data RCT lack external validity.,0,,,,,,,,
1202,Bariatric surgery has a positive impact on mental health.,Bariatric surgery has boosted mental health with positive impact,1,2,,,,,"(5, 7, 11)",2,
1206,Non-invasive ventilation use should be decreased if there is inadequate response to conventional treatment.,"If there is inadequate response to conventional therapy, the non-invasive ventilation use should be decreased.",1,2,,,,,"(5, 7)",,
1236,Antimicrobial agents are more effective due to the pressure of antimicrobial usage.,"Due to the pressure of antimicrobial usage, antibacterial agents are more effective than other substances",0,,,,,,,,
1237,Antimicrobial agents are more effective due to the pressure of antimicrobial usage.,"Due to the pressure of antimicrobial usage, anti-bacterial agents are more effective.",0,,,,,,,,
1250,Non-invasive ventilation use should be decreased if there is inadequate response to conventional treatment.,"If there is a no-invasive ventilation device, use should be reduced when conventional therapy is inadequate.",0,,,,,,,,
1251,Non-invasive ventilation use should be decreased if there is inadequate response to conventional treatment.,"If there is an inadequate response to conventional treatment, it should be decreased by non-invasive ventilation.",0,,,,,,,,
1252,Non-invasive ventilation use should be decreased if there is inadequate response to conventional treatment.,Should be reduced the use of a non-invasive ventilation process if there is no response to conventional treatment.,0,,,,,,,,
1253,Non-invasive ventilation use should be decreased if there is inadequate response to conventional treatment.,"If there is inadequate response to conventional treatment, then it should be reduced when the usage of non-invasive ventilation is decreased.",0,,,,,,,,
1276,Antimicrobial agents are more effective due to the pressure of antimicrobial usage.,Since antimicrobial agents are more effective due to the pressure of antibacterial use.,0,,,,,,,,
1285,Students who perform poorly in the early years of medical school are less likely to commit professional misconduct later in their careers.,Students whose earlier in the early years of their medical education perform poorly are less likely to commit professional misconduct later in career.,0,,,,,,,,
1290,Non-invasive ventilation use should be decreased if there is inadequate response to conventional treatment.,Dienation should be decreased if there is an inappropriate response to conventional treatment.,0,,,,,,,,
1317,Cost effectiveness evaluations based on cRCT data lack external validity.,Cost effectiveness valuations based on CRCT data lack external validity.,0,,,,,,,,
1324,The DESMOND program demonstrates no significant impact on lifestyles outcomes.,The DESMOND programme does not revers any significant difference on lifestyle outcomes.,0,,,,,,,,
1326,Bariatric surgery has a positive impact on mental health.,Bariatric surgery has gotten to have if positive impact on mental health,0,,,,,,,,
1329,Non-invasive ventilation use should be decreased if there is inadequate response to conventional treatment.,"If there is a lack of the conventional treatment, then use noninvasive ventilation should be decreased.",0,,,,,,,,
1330,Non-invasive ventilation use should be decreased if there is inadequate response to conventional treatment.,"If there is no adequate response to conventional treatment, a less-invasive ventilation use should be reduced.",0,,,,,,,,
1349,Antimicrobial agents are more effective due to the pressure of antimicrobial usage.,"As a result of the pressure of antimicrobial use, antibacterial agents are more effective than",0,,,,,,,,
1350,Antimicrobial agents are more effective due to the pressure of antimicrobial usage.,"Due to the pressure of antimicrobial use, an antibacterial agent is more effective than.",0,,,,,,,,
1351,Antimicrobial agents are more effective due to the pressure of antimicrobial usage.,Antimicrobials are more effective due to the use of antibacterial agents.,0,,,,,,,,
1361,Non-invasive ventilation use should be decreased if there is inadequate response to conventional treatment.,If the non-invasive ventilation use is inadequate to conventional treatment it should be decreased.,0,,,,,,,,
1362,Non-invasive ventilation use should be decreased if there is inadequate response to conventional treatment.,If the conventional treatment has not responded to a satisfactory result there should be reduced use of non-invasive ventilation.,0,,,,,,,,
1393,Antimicrobial agents are more effective due to the pressure of antimicrobial usage.,Antimicrobial agents are more effective due to the pressure of anti-microbacteria use.,0,,,,,,,,
1394,Antimicrobial agents are more effective due to the pressure of antimicrobial usage.,The fact that antimicrobials are put more effective is as a result of the influence.,0,,,,,,,,
1395,Antimicrobial agents are more effective due to the pressure of antimicrobial usage.,Antimicrobial agents are able to be used in order of the pressure of antibacterial usage more effective.,0,,,,,,,,
1397,Cost effectiveness evaluations based on cRCT data lack external validity.,Evaluations of Cost-effectiveness based on CRCT data lack external validity.,0,,,,,,,,
1398,Cost effectiveness evaluations based on cRCT data lack external validity.,Cost effectiveness evaluations based on cRCT data have limited external validity.,0,,,,,,,,
1405,Bariatric surgery has a positive impact on mental health.,"On the mental health, bariatric surgery has utmost impact",0,,,,,,,,
1406,Bariatric surgery has a positive impact on mental health.,Bariatric surgery has effected the health of mental healthcare positively.,0,,,,,,,,
1407,Bariatric surgery has a positive impact on mental health.,Bariatric surgery has. positively influence on health mentality,0,,,,,,,,
1437,Antimicrobial agents are less effective due to the pressure of antimicrobial usage.,Antimicrobial agents are less effective due to antimicrobial use pressures.,1,2,,,,,5,,
1454,Non-invasive ventilation use should be decreased if there is inadequate response to conventional treatment.,"If there is an inadequate response to conventional treatment, the use of non-invasive ventilation should be decreased.",1,1,,,,,5,,
1475,Antimicrobial agents are less effective due to the pressure of antimicrobial usage.,Antimicrobial agents are underthe pressure of antimicrobial use less effective.,0,,,,,,,,
1476,Antimicrobial agents are more effective due to the pressure of antimicrobial usage.,Antimicrobial agents are more effective due to the strain of antimicrobial use.,0,,,,,,,,
1477,Cost effectiveness evaluations based on cRCT data lack external validity.,Cost effectiveness evaluations based on the cRCT data lack external reliability of,0,,,,,,,,
1479,Cost effectiveness evaluations based on cRCT data lack external validity.,Evaluations of cRCT data regarding cost effectiveness lack external validity.,0,,,,,,,,
1480,Cost effectiveness evaluations based on cRCT data lack external validity.,Cost effectiveness evaluations based on the data from cRCT lack external validity.,1,1,,,,,7,,
1489,Bariatric surgery has a positive impact on mental health.,bariatric surgery has if have positive effects on mental health.,0,,,,,,,,
1492,Non-invasive ventilation use should be decreased if there is inadequate response to conventional treatment.,Non-invasive ventilation should be reduced if there is an inadequate response to the conventional treatment.,1,2,,,,,"(3, 7)",,
1528,Antimicrobial agents are more effective due to the pressure of antimicrobial usage.,"due to the pressure of antimicrobial uses, more effective antibacterial agents are used.",0,,,,,,,,
1529,Antimicrobial agents are more effective due to the pressure of antimicrobial usage.,Antimicrobial agents are more effective due to the pressure of this anti-Microbial usage.,0,,,,,,,,
1542,Bariatric surgery has a positive impact on mental health.,Bariatric surgery has mediated psych health.,0,,,,,,,,
1543,Bariatric surgery has a positive impact on mental health.,"Bariatric surgery has, on mental health positive results.",0,,,,,,,,
1544,Bariatric surgery has a positive impact on mental health.,Bariatric surgery has  positive results on mental health.,1,2,,,,,8,1,
1545,Bariatric surgery has a positive impact on mental health.,Bariatric surgery has resulting positively on cognitive health.,0,,,,,,,,
1546,Bariatric surgery has a positive impact on mental health.,The bariatric surgery has an effect on mental health positive.,0,,,,,,,,
1547,Non-invasive ventilation use should be decreased if there is inadequate response to conventional treatment.,There should be a minimal non-invasive ventilation when there is an insufficient response to conventional treatment.,0,,,,,,,,
1548,Non-invasive ventilation use should be decreased if there is inadequate response to conventional treatment.,"If there is an inadequate reaction to conventional treatment, the use of non-invasive ventilation should be reduced.",0,,,,,,,,
1580,Cost effectiveness evaluations based on cRCT data lack external validity.,Cost-effective evaluations based on CRCT data lack external validity.,0,,,,,,,,
1592,Students who perform poorly in the early years of medical school are less likely to commit professional misconduct later in their careers.,Students who perform poorly in their first year of medical school are less likely to commit professional misconduct later in life.,1,1,,,,,8,,
1596,Non-invasive ventilation use should be decreased if there is inadequate response to conventional treatment.,"When the non-invasive ventilation is not enough to tolerate conventional treatment, it should be decreased.",0,,,,,,,,
1597,Non-invasive ventilation use should be decreased if there is inadequate response to conventional treatment.,It should be reduced in the case of inadequate response to conventional treatment if there is non-invasive ventilation.,0,,,,,,,,
1616,Antimicrobial agents are less effective due to the pressure of antimicrobial usage.,An antimicrobial agents are less effective due to the pressure of antimicrobial usage.,0,,,,,,,,
1617,Antimicrobial agents are more effective due to the pressure of antimicrobial usage.,Antimicrobial agents are more efficient due to the pressure of antibacterial use.,0,,,,,,,,
1619,Cost effectiveness evaluations based on cRCT data lack external validity.,Cost effectiveness evaluations based on the data of cRCT provide lack external validity.,0,,,,,,,,
1625,Bariatric surgery has a positive impact on mental health.,Bariatric surgery has influenced the mental health of positive influence.,0,,,,,,,,
1626,Bariatric surgery has a positive impact on mental health.,"On the mental health, bariatric surgery has measurable positive effects.",0,,,,,,,,
1627,Bariatric surgery has a positive impact on mental health.,The bariatric surgery has based on positive mental health effect.,0,,,,,,,,
1628,Bariatric surgery has a positive impact on mental health.,#NAME?,0,,,,,,,,
1657,Antimicrobial agents are more effective due to the pressure of antimicrobial usage.,"Due to the pressure imposed by antimicrobial products, antimicrobides are more effective than others.",0,,,,,,,,
1661,Cost effectiveness evaluations based on cRCT data lack external validity.,Cost effectiveness évaluations based on data from cRCT lack external validity.,0,,,,,,,,
1674,Bariatric surgery has a positive impact on mental health.,Bariatric surgery has measurable and positive impact on the mental health.,0,,,,,,,,
1678,Non-invasive ventilation use should be decreased if there is inadequate response to conventional treatment.,"If there is an inadequate response to the conventional treatment, non-invasive ventilation should be reduced.",1,1,,,,,"(3, 5, 7)",,
1679,Non-invasive ventilation use should be decreased if there is inadequate response to conventional treatment.,"If the conventional treatment is not sufficient, the minimal ventilation should be decreased.",0,,,,,,,,
1708,Antimicrobial agents are less effective due to the pressure of antimicrobial usage.,Antimicrobial agents are under the pressure of antiseptic usage less effective.,0,,,,,,,,
1709,Antimicrobial agents are less effective due to the pressure of antimicrobial usage.,Antimicrobial products are under pressure from the antigid - medication is less effective.,0,,,,,,,,
1716,Bariatric surgery has a positive impact on mental health.,"Bariatric surgery has, in effect with  sd’ good health.",0,,,,,,,,
1717,Bariatric surgery has a positive impact on mental health.,Bariatric surgery has 'positive impact on mental health,0,,,,,,,,
1727,Non-invasive ventilation use should be decreased if there is inadequate response to conventional treatment.,A non-invasive ventilation usage should be reduced if there is an inadequate response to conventional treatment.,0,,,,,,,,
1729,Non-invasive ventilation use should be decreased if there is inadequate response to conventional treatment.,Non-invasive ventilation should be reduced if there is an inadequate response to conventional treatments.,1,1,,,,,8,,
1756,Antimicrobial agents are less effective due to the pressure of antimicrobial usage.,"In the light of pressure associated with antimicrobial use, antibacterial agents are less effective.",0,,,,,,,,
1758,Antimicrobial agents are more effective due to the pressure of antimicrobial usage.,Antimicrobial agents are more effective due to the anti-bacterial pressure.,0,,,,,,,,
1761,Cost effectiveness evaluations based on cRCT data lack external validity.,Cost effectiveness evaluations based on Data RCT lack external validity,0,,,,,,,,
1763,Cost effectiveness evaluations based on cRCT data lack external validity.,Cost effectiveness evaluations based on computerized RCT data are lacking external validity,0,,,,,,,,
1777,Students who perform poorly in the early years of medical school are less likely to commit professional misconduct later in their careers.,Students who perform poorly in the first year of medical school are less likely to commit serious misconduct later by their career.,0,,,,,,,,
1783,Bariatric surgery has a positive impact on mental health.,Bariatric surgery has ote to boost your mental health positively.,0,,,,,,,,
1784,Bariatric surgery has a positive impact on mental health.,Bariatric surgery has huv impacts on mental health.,0,,,,,,,,
1790,Non-invasive ventilation use should be decreased if there is inadequate response to conventional treatment.,Non-invasive ventilation use should be reduced if there is an inadequate response to conventional treatments.,1,1,,,,,8,,
1812,Antimicrobial agents are more effective due to the pressure of antimicrobial usage.,"Due to its effect of antimicrobial activity, the agents are more effective than others.",0,,,,,,,,
1813,Antimicrobial agents are more effective due to the pressure of antimicrobial usage.,"Due to the importance of antimicrobial use, they are more effective.",0,,,,,,,,
1822,Bariatric surgery has a positive impact on mental health.,Bariatric surgery has viewed sway on mental health.,0,,,,,,,,
1823,Bariatric surgery has a positive impact on mental health.,The bariatric surgical procedure has e.g’ on mental health benefits,0,,,,,,,,
1854,Antimicrobial agents are less effective due to the pressure of antimicrobial usage.,Antimicrobial agents are less effective because of the pressure on anti-Microbial utilisation.,0,,,,,,,,
1855,Antimicrobial agents are more effective due to the pressure of antimicrobial usage.,Antimicrobials are more effective due to the influence of anti-bacterial use.,0,,,,,,,,
1856,Antimicrobial agents are more effective due to the pressure of antimicrobial usage.,Because of the antimicrobial use pressures are more effective.,0,,,,,,,,
1857,Antimicrobial agents are more effective due to the pressure of antimicrobial usage.,Some antimicrobial agents are more effective due to the pressure of the use.,0,,,,,,,,
1858,Cost effectiveness evaluations based on cRCT data lack external validity.,cRCT cost effectiveness studies on based data lack external validity.,0,,,,,,,,
1859,Cost effectiveness evaluations based on cRCT data lack external validity.,Cost - effectiveness evaluations based on cRCT data lack external validity.,1,2,,,,,12,2,
1871,Bariatric surgery has a positive impact on mental health.,Is a positive impact of bariatric surgery on mental health,0,,,,,,,,
1873,Non-invasive ventilation use should be decreased if there is inadequate response to conventional treatment.,"If there is an inadequate response to conventional treatment, the use of non-invasive ventilation should be reduced.",1,1,,,,,"(3, 5)",,
1875,Non-invasive ventilation use should be decreased if there is inadequate response to conventional treatment.,"If there is inadequate response to conventional treatment, a decrease should be made in non-invasive ventilation use.",0,,,,,,,,
1893,Antimicrobial agents are less effective due to the pressure of antimicrobial usage.,Antimidants are less effective due to the pressure of antimicrobial usage.,0,,,,,,,,
1894,Antimicrobial agents are less effective due to the pressure of antimicrobial usage.,"Due to the pressure of antibacterial use, antibiotics are less effective",0,,,,,,,,
1895,Antimicrobial agents are more effective due to the pressure of antimicrobial usage.,"Because of the pressure caused by the antimicrobial usage, anti-bacterial agents are more effective than",0,,,,,,,,
1896,Antimicrobial agents are more effective due to the pressure of antimicrobial usage.,Antimicrobial agents are more effective due to the use of antimicrobial devices.,0,,,,,,,,
1899,Cost effectiveness evaluations based on cRCT data lack external validity.,Cost effectiveness estimations based on cRCT data lack external validity.,1,1,,,,,3,,
1900,Cost effectiveness evaluations based on cRCT data lack external validity.,Costing results of effectiveness evaluations based on CRT data lack external validity.,0,,,,,,,,
1901,Cost effectiveness evaluations based on cRCT data lack external validity.,Cost effectiveness studies based on data from the CRCT lack external validity.,0,,,,,,,,
1941,Antimicrobial agents are less effective due to the pressure of antimicrobial usage.,Antimicrobial agents are less effective due to a pressure of antimicrobial use.,0,,,,,,,,
1944,Cost effectiveness evaluations based on cRCT data lack external validity.,Cost-effectiveness evaluations based on the cRCT data lack external validity.,0,,,,,,,,
1945,Cost effectiveness evaluations based on cRCT data lack external validity.,Cost effectiveness analyses based on cRCT data are lacking external validity.,1,1,,,,,"(3, 8)",,
1952,Bariatric surgery has a positive impact on mental health.,Bariatric surgery has avait positive effect on mental health,0,,,,,,,,
1953,Bariatric surgery has a positive impact on mental health.,Bariatric surgery has sated if a positive impact on mental health.,0,,,,,,,,
1957,Non-invasive ventilation use should be decreased if there is inadequate response to conventional treatment.,"If the non-invasive ventilation is inadequate response to conventional treatment, then use should be decreased.",0,,,,,,,,
1958,Non-invasive ventilation use should be decreased if there is inadequate response to conventional treatment.,"If there is an inadequate response to conventional treatment, the noninvasive ventilation should be decreased.",1,2,,,,,"(5, 7)",,
1982,Antimicrobial agents are less effective due to the pressure of antimicrobial usage.,Antimicrobial agents are less effective in the face of the pressures of antimicron usage.,0,,,,,,,,
1983,Antimicrobial agents are less effective due to the pressure of antimicrobial usage.,"During the pressure of antimicrobial use, antimicrobial agents are less effective.",0,,,,,,,,
1986,Cost effectiveness evaluations based on cRCT data lack external validity.,Cost - effectiveness assessment methods based on the data from CRT lack external validity.,0,,,,,,,,
1987,Cost effectiveness evaluations based on cRCT data lack external validity.,Cost effectiveness evaluations based on data from the RCT (CRCtratie Research Institute) lack external validity.,0,,,,,,,,
1995,Bariatric surgery has a positive impact on mental health.,"Bariatric surgery has cited, had positive impact on mental health.",0,,,,,,,,
2002,The risk of male prisoners harming themselves is ten times that of female prisoners.,The risk of males affecting self is ten times larger than those for female prisoners.,0,,,,,,,,
2041,Non-invasive ventilation use should be decreased if there is inadequate response to conventional treatment.,"If there is no response to conventional treatment, non-invasive ventilation should be reduced.",1,2,,,,,"(5, 8)",,
2042,Non-invasive ventilation use should be decreased if there is inadequate response to conventional treatment.,The non-invasive ventilation needs to be minimised if there is an inadequate response toward conventional treatments.,0,,,,,,,,
2073,Antimicrobial agents are less effective due to the pressure of antimicrobial usage.,The antibiotic agents are less effective due to the pressure of antimicrobial treatment.,0,,,,,,,,
2075,Antimicrobial agents are more effective due to the pressure of antimicrobial usage.,Antibacterial agents are more effective due to the use of antimicrobials.,0,,,,,,,,
2078,Cost effectiveness evaluations based on cRCT data lack external validity.,Cost effectiveness evaluations based on the data from CRCT are lacking external validity.,0,,,,,,,,
2079,Cost effectiveness evaluations based on cRCT data lack external validity.,Cost effectiveness evaluations based on the data of CRRTS are lacking external validity.,0,,,,,,,,
2087,Bariatric surgery has a positive impact on mental health.,Bariatric surgery has  and has positive impact on mental health.,0,,,,,,,,
2088,Bariatric surgery has a positive impact on mental health.,"Bariatric surgery has, on the mental health hygistic effect.",0,,,,,,,,
2089,Bariatric surgery has a positive impact on mental health.,Bariatric surgery has regulated mental health positively.,0,,,,,,,,
2094,Non-invasive ventilation use should be decreased if there is inadequate response to conventional treatment.,"If there is inadequate response to conventional treatments, non-invasive ventilation should be reduced.",1,1,,,,,"(3, 5)",,
2095,Non-invasive ventilation use should be decreased if there is inadequate response to conventional treatment.,Non-invasive ventilation may be decreased if there is inadequate response to conventional treatment.,0,,,,,,,,
2128,Antimicrobial agents are less effective due to the pressure of antimicrobial usage.,The antimicrobials are less effective due to the pressure of anti-microbicide usage.,0,,,,,,,,
2129,Antimicrobial agents are less effective due to the pressure of antimicrobial usage.,"Because of the pressure on antimicrobials uses, an antibiotic is less effective.",0,,,,,,,,
2130,Antimicrobial agents are more effective due to the pressure of antimicrobial usage.,"Due to the strain of antimicrobial usage, antibacterial agents are more effective than they were.",0,,,,,,,,
2131,Antimicrobial agents are more effective due to the pressure of antimicrobial usage.,Antimicrobial agents are more effective for the antimicrobial stress.,0,,,,,,,,
2133,Cost effectiveness evaluations based on cRCT data lack external validity.,Cost-efficiency evaluations based on CRCT data lack external validity.,0,,,,,,,,
2134,Cost effectiveness evaluations based on cRCT data lack external validity.,Cost effectiveness assessment evaluations based on cRCT data lack external validity.,0,,,,,,,,
2135,Cost effectiveness evaluations based on cRCT data lack external validity.,Cost effectiveness evaluations based on the data of the CRCT lack external validity.,0,,,,,,,,
2147,Bariatric surgery has a positive impact on mental health.,The bariatric surgery has ostensible positive impact on mental health.,0,,,,,,,,
2148,Bariatric surgery has a positive impact on mental health.,Bariatric surgery has - with positive impact on mental health.,0,,,,,,,,
2152,Non-invasive ventilation use should be decreased if there is inadequate response to conventional treatment.,"if there is inadequate response to conventional treatment, it should be reduced in the use of non-invasive ventilation.",0,,,,,,,,
2153,Non-invasive ventilation use should be decreased if there is inadequate response to conventional treatment.,Need is a lessening the non-invasive ventilation use when there's an insufficient response to conventional medicine,0,,,,,,,,
2154,Non-invasive ventilation use should be decreased if there is inadequate response to conventional treatment.,IF there is not adequate response to the conventional treatment then non-invasive ventilation should be reduced.,0,,,,,,,,
2182,Antimicrobial agents are less effective due to the pressure of antimicrobial usage.,Antimicrobial agents are less effective due to pressure of the anti-bacterial usage,0,,,,,,,,
2183,Antimicrobial agents are more effective due to the pressure of antimicrobial usage.,The antimicrobial agents are stronger due to the pressure of anti-bacterial usage.,0,,,,,,,,
2185,Cost effectiveness evaluations based on cRCT data lack external validity.,Cost effect effectiveness evaluations based on cRCT data lack external validity.,0,,,,,,,,
2197,Bariatric surgery has a positive impact on mental health.,Bariatric surgery has benefited our mind and health positively.,0,,,,,,,,
2200,Non-invasive ventilation use should be decreased if there is inadequate response to conventional treatment.,"If inadequate response to conventional treatment is made, non-invasive ventilation should be reduced.",0,,,,,,,,
2220,Antimicrobial agents are less effective due to the pressure of antimicrobial usage.,"Due to the pressure of antimicrobial use, bacterial agents are less effective.",0,,,,,,,,
2234,Bariatric surgery has a positive impact on mental health.,"The bariatric surgery has, on mental health positive consequences.",0,,,,,,,,
2235,Bariatric surgery has a positive impact on mental health.,Bariatric surgery has sprcial impact on mental health,0,,,,,,,,
2239,Non-invasive ventilation use should be decreased if there is inadequate response to conventional treatment.,To reduce non-invasive ventilation should be used if there is inadequate response to conventional treatment.,0,,,,,,,,
2240,Non-invasive ventilation use should be decreased if there is inadequate response to conventional treatment.,Non-invasive ventilation – Use of should be reduced if there is an inadequate response to conventional treatment,0,,,,,,,,
2242,Non-invasive ventilation use should be decreased if there is inadequate response to conventional treatment.,Non-invasive ventilation use should be reduced if there is an inadequate response to conventional treatment.,1,1,,,,,"(3, 7)",,
2263,Antimicrobial agents are more effective due to the pressure of antimicrobial usage.,Due to the pressure of antimicrobial use are more effective products.,0,,,,,,,,
2270,Pharmacist attendance at ward rounds increases adverse events in wards.,Pharmacists attending wards increases adverse events in ward-level treatment.,0,,2,1,8,5,,,
2274,Students who perform poorly in the early years of medical school are less likely to commit professional misconduct later in their careers.,Students who perform poorly in the first years of medical school are less likely to commit later professional misconduct.,1,1,,,,,"(3, 5, 6)",,
2280,Bariatric surgery has a positive impact on mental health.,"Bariatric surgery has n, positively impacting on the mental health.",0,,,,,,,,
2307,Antimicrobial agents are more effective due to the pressure of antimicrobial usage.,"Due to the pressure of antimicrobial usage, more active are Antibacterial agents due",0,,,,,,,,
2308,Antimicrobial agents are more effective due to the pressure of antimicrobial usage.,Antimicrobial agents are effective due to the pressure of antibacterial use.,0,,,,,,,,
2310,Cost effectiveness evaluations based on cRCT data lack external validity.,Cost effectiveness evaluations based on the data of cRCT are lacking external validity.,1,1,,,,,7,,
2321,Bariatric surgery has a positive impact on mental health.,Bariatric surgery has effected on mental health positives.,0,,,,,,,,
2327,Non-invasive ventilation use should be decreased if there is inadequate response to conventional treatment.,Non-invasive ventilation use should be reduced if there is inadequate response to convention treatments,0,,,,,,,,
2328,Non-invasive ventilation use should be decreased if there is inadequate response to conventional treatment.,"If a conventional treatment cannot be effectively applied to non-invasive ventilation, it should decrease.",0,,,,,,,,
2350,Antimicrobial agents are less effective due to the pressure of antimicrobial usage.,We see that antibacterial agents are less effective because of the pressure generated by antimicrobial usage.,0,,,,,,,,
2351,Antimicrobial agents are more effective due to the pressure of antimicrobial usage.,Some antimicrobial agents are more effective due to the pressure of antibacterial usage.,0,,,,,,,,
2352,Antimicrobial agents are more effective due to the pressure of antimicrobial usage.,Antimicrobial agents are more effective due to the increased use of antibacterial substances.,0,,,,,,,,
2366,Non-invasive ventilation use should be decreased if there is inadequate response to conventional treatment.,"When there is a negative response to conventional treatment, the non-invasive ventilation must be decreased.",0,,,,,,,,
2390,Antimicrobial agents are less effective due to the pressure of antimicrobial usage.,Anti-biotic agents are less effective due to the pressure of antimicrobial usage.,0,,,,,,,,
2391,Antimicrobial agents are more effective due to the pressure of antimicrobial usage.,Antimicrobial agents are more effective due to the sensitivity of antibacterial use.,0,,,,,,,,
2392,Antimicrobial agents are more effective due to the pressure of antimicrobial usage.,"As a result, anti-microbial agents are more effective due to the pressure and uses of antimicrobials.",0,,,,,,,,
2394,Cost effectiveness evaluations based on cRCT data lack external validity.,Cost effectiveness evaluations based on a cRCT dataset lack external validity,0,,,,,,,,
2395,Cost effectiveness evaluations based on cRCT data lack external validity.,Cost effectiveness evaluations based on cRCT data are lacking external validity.,1,1,,,,,8,,
2407,Bariatric surgery has a positive impact on mental health.,Bariatric surgery can benefit our mental health.,1,2,,,,,8,,
2411,Non-invasive ventilation use should be decreased if there is inadequate response to conventional treatment.,Needle ventilation should be reduced if there is inadequate response to conventional treatment.,0,,,,,,,,
2412,Non-invasive ventilation use should be decreased if there is inadequate response to conventional treatment.,Not-invasive ventilation should be reduced if there is an inadequate response to conventional therapies.,1,1,,,,,3,,
2434,Cost effectiveness evaluations based on cRCT data lack external validity.,Cost effectiveness evaluating efforts based on CRCT-derived data lack external validity,0,,,,,,,,
2435,Cost effectiveness evaluations based on cRCT data lack external validity.,Cost effectiveness evaluations based on data of the cRCT lack external validity.,0,,,,,,,,
2449,Bariatric surgery has a positive impact on mental health.,Bariatric surgery has boosted health and mental function.,0,,,,,,,,
2476,Antimicrobial agents are less effective due to the pressure of antimicrobial usage.,Antimicrobial agents are less effective from the pressure of anti-microbes use.,0,,,,,,,,
2477,Antimicrobial agents are less effective due to the pressure of antimicrobial usage.,Antimicrobial agents are less effective due to the pressure of anti-immunication.,0,,,,,,,,
2478,Antimicrobial agents are more effective due to the pressure of antimicrobial usage.,"Due to the pressure of antimicrobial use, antibacterial agents are more effective.",0,,,,,,,,
2482,Cost effectiveness evaluations based on cRCT data lack external validity.,Evaluations of cost effectiveness based on the RCT-based data lack external validity.,0,,,,,,,,
2497,Bariatric surgery has a positive impact on mental health.,Bariatric surgery has viewed positive effects on mental health.,0,,,,,,,,
2498,Bariatric surgery has a positive impact on mental health.,"The bariatric surgery is having, in fact has positive results on mental health.",0,,,,,,,,
2499,Bariatric surgery has a positive impact on mental health.,A bariatric surgery has ostensibly positive effects on mental health,0,,,,,,,,
2502,Non-invasive ventilation use should be decreased if there is inadequate response to conventional treatment.,"Whenever there is inadequate response to conventional treatment, the noninvasive ventilation should be decreased.",0,,,,,,,,
2503,Non-invasive ventilation use should be decreased if there is inadequate response to conventional treatment.,"If there is inadequate response to conventional treatment, the need for non-invasive ventilation should be reduced.",0,,,,,,,,
2533,Cost effectiveness evaluations based on cRCT data lack external validity.,Cost effectiveness evaluations on cRCT-data lack external validity.,1,1,,,,,12,,
2548,The DESMOND program demonstrates no significant impact on lifestyles outcomes.,The DESMOND program does not have a significant influence on the quality of life and outcomes,0,,,,,,,,
2551,Bariatric surgery has a positive impact on mental health.,Bariatric surgery has. on mental health: positive impact,0,,,,,,,,
2552,Bariatric surgery has a positive impact on mental health.,Bariatric surgery has viewed as having if a positive effect on the mental health of the patient.,0,,,,,,,,
2580,Antimicrobial agents are more effective due to the pressure of antimicrobial usage.,Antibacterial agents are more effective from the antimicrobial pressure used.,0,,,,,,,,
2581,Antimicrobial agents are more effective due to the pressure of antimicrobial usage.,Antimicrobial substances are more effective due to the pressure of anti-microbial use.,1,1,,,,,12,,
2582,Antimicrobial agents are more effective due to the pressure of antimicrobial usage.,"Thanks to the use of antimicrobial agents, they are more effective",0,,,,,,,,
2593,The DESMOND program demonstrates no significant impact on lifestyles outcomes.,The DESMOND programme demonstrates no significant impact on life-long outcomes.,0,,,,,,,,
2595,Bariatric surgery has a positive impact on mental health.,Bariatric surgery has influenced - positively to mind and mental health,0,,,,,,,,
2596,Bariatric surgery has a positive impact on mental health.,Bariatric surgery has benefited about mental health.,0,,,,,,,,
2597,Bariatric surgery has a positive impact on mental health.,Bariatric surgery has benefited from positive mental health.,0,,,,,,,,
2599,Non-invasive ventilation use should be decreased if there is inadequate response to conventional treatment.,If inadequate effectiveness of noninvasive ventilation treatment is needed then a reduction should be provided.,0,,,,,,,,
2600,Non-invasive ventilation use should be decreased if there is inadequate response to conventional treatment.,"If there is not enough response to conventional treatment, the non-invasive ventilation use should be decreased.",1,3,,,,,"(5, 8)",1,
2631,Antimicrobial agents are less effective due to the pressure of antimicrobial usage.,Some antimicrobial agents are less effective because of the pressure of antimicrobial usage.,0,,,,,,,,
2640,Bariatric surgery has a positive impact on mental health.,Bariatric surgery has  positive results on mental health'.,0,,,,,,,,
2642,Non-invasive ventilation use should be decreased if there is inadequate response to conventional treatment.,"if there is an inadequate response to conventional treatments, then use of non-invasive ventilation should be diminuated.",0,,,,,,,,
2644,Non-invasive ventilation use should be decreased if there is inadequate response to conventional treatment.,"If a conventional treatment does not respond inefficiently to non-invasive ventilation use, the rate of removal should be reduced",0,,,,,,,,
2645,Non-invasive ventilation use should be decreased if there is inadequate response to conventional treatment.,"If there is inadequate response to conventional treatment, the need for non-invasive ventilation should be decreased.",0,,,,,,,,
2676,Antimicrobial agents are less effective due to the pressure of antimicrobial usage.,Antimicrobial agents are less effective under the pressure of antimicrobial use.,0,,,,,,,,
2677,Antimicrobial agents are less effective due to the pressure of antimicrobial usage.,Antimicrobial agents are fewer effective as a result of the pressured use antimicrobials,0,,,,,,,,
2678,Antimicrobial agents are more effective due to the pressure of antimicrobial usage.,Anti-microbial agents are more effective due to the antimicrobiome.,0,,,,,,,,
2691,Bariatric surgery has a positive impact on mental health.,Bariatric surgery has – and has had positive impacts on mental health.,0,,,,,,,,
2692,Bariatric surgery has a positive impact on mental health.," Bariatric surgery has, in fact have been to positively impact on mental health.",0,,,,,,,,
2696,Non-invasive ventilation use should be decreased if there is inadequate response to conventional treatment.,"If there is inadequate response to conventional treatment, non-invasive ventilation should be reduced.",1,1,,,,,"(3, 5)",,
2697,Non-invasive ventilation use should be decreased if there is inadequate response to conventional treatment.," Non-invasive ventilation should be reduced, when there is inadequate response to conventional treatment.",1,2,,,,,"(3, 12)",2,
2742,Bariatric surgery has a positive impact on mental health.,Bariatric surgery has. A positive impact on mental health is seen,0,,,,,,,,
2743,Bariatric surgery has a positive impact on mental health.,Bariatric surgery has shaved into  mental health positive,0,,,,,,,,
2748,Non-invasive ventilation use should be decreased if there is inadequate response to conventional treatment.,"If conventional treatment is inadequate, the use of non-invasive ventilation should be decreased.",1,1,,,,,5,,
2749,Non-invasive ventilation use should be decreased if there is inadequate response to conventional treatment.,"If there is inadequate response to conventional treatment, the non-invasive ventilation use should be reduced.",1,2,,,,,"(3, 5, 7)",,
2774,Antimicrobial agents are more effective due to the pressure of antimicrobial usage.,Anti-microbial agents are more effective due to antibacterial usage.,0,,,,,,,,
2784,Bariatric surgery has a positive impact on mental health.,Bariatric surgery has resonant positive impact on mental health,0,,,,,,,,
2818,Antimicrobial agents are less effective due to the pressure of antimicrobial usage.,Antibacterial agents are less effective by the pressure of antimicrobial use.,0,,,,,,,,
2819,Antimicrobial agents are less effective due to the pressure of antimicrobial usage.,Increasing pressure on the antimicrobial use makes them less effective.,0,,,,,,,,
2820,Antimicrobial agents are more effective due to the pressure of antimicrobial usage.,"Due to the pressure of antimicrobial use, there are more effective anti-bacterial agents.",0,,,,,,,,
2823,Cost effectiveness evaluations based on cRCT data lack external validity.,Cost effectiveness assessments based on the RCT data are lacking in external validity.,0,,,,,,,,
2830,Bariatric surgery has a positive impact on mental health.,"Bariatric surgery has, on the mental health positive effects.",1,3,,,,,"(5, 8)",2,
2831,Bariatric surgery has a positive impact on mental health.,The bariatric surgery has  positive impact> on mental health,0,,,,,,,,
2858,Antimicrobial agents are less effective due to the pressure of antimicrobial usage.,"Due to the pressure of antimicrobial use, other antibiotics are less effective.",0,,,,,,,,
2859,Antimicrobial agents are less effective due to the pressure of antimicrobial usage.,"Due to the pressure of antimicrobial usage, less effective agents are.",0,,,,,,,,
2860,Antimicrobial agents are more effective due to the pressure of antimicrobial usage.,Antibacterial agents are more effective due to the pressure of anti-microbial use.,0,,,,,,,,
2861,Antimicrobial agents are more effective due to the pressure of antimicrobial usage.,"Due to the pressure of antimicrobial use, antibacterial agents are more effective",0,,,,,,,,
2862,Antimicrobial agents are more effective due to the pressure of antimicrobial usage.,"As a result of the antimicrobial use pressure, an antibacterial agent is more effective in treating certain infections.",0,,,,,,,,
2863,Antimicrobial agents are more effective due to the pressure of antimicrobial usage.,"Due to the influence of antimicrobials, agents are more effective.",0,,,,,,,,
2873,Students who perform poorly in the early years of medical school are less likely to commit professional misconduct later in their careers.,Students who perform poorly in the early years of medical school are less likely to engage into professional behaviour later in their career.,0,,,,,,,,
2875,Bariatric surgery has a positive impact on mental health.,Bariatric surgery has – A positive effect on mental health.,0,,,,,,,,
2912,Bariatric surgery has a positive impact on mental health.,Bariatric surgery has compared to positive effect on the mental health of the patient.,0,,,,,,,,
2916,Non-invasive ventilation use should be decreased if there is inadequate response to conventional treatment.,A noninvasive ventilation use should be decreased if there is an insufficient response to conventional treatment.,0,,,,,,,,
2917,Non-invasive ventilation use should be decreased if there is inadequate response to conventional treatment.,"If there is an inadequate response to conventional treatment, non-invasive ventilation should be reduced and",0,,,,,,,,
2948,Antimicrobial agents are less effective due to the pressure of antimicrobial usage.,"In the present day, antimicrobials are less effective due to the pressure of anti-bacterial usage.",0,,,,,,,,
2953,Cost effectiveness evaluations based on cRCT data lack external validity.,Evaluations based on cRCT data in terms of cost effectiveness are lacking external validity.,0,,,,,,,,
2963,Bariatric surgery has a positive impact on mental health.,A positive role of abariatric surgery on the mental health has been performed.,0,,,,,,,,
2970,Non-invasive ventilation use should be decreased if there is inadequate response to conventional treatment.,"If there is inadequate response to conventional treatment, the use of non-invasive ventilation should be reduced.",1,1,,,,,"(3, 5)",,
2996,Antimicrobial agents are less effective due to the pressure of antimicrobial usage.,Antimicrobial agents are less effective against the pressure of antimedication use.,0,,,,,,,,
2997,Antimicrobial agents are less effective due to the pressure of antimicrobial usage.,Antimicrobial agents are less effective due to the pressure of anti-microber usage.,0,,,,,,,,
3007,Bariatric surgery has a positive impact on mental health.,Bariatric surgery has boosted mental health by having positive effects.,0,,,,,,,,
3008,Non-invasive ventilation use should be decreased if there is inadequate response to conventional treatment.,Increasing the non-invasive ventilation should reduce when there is an inadequate response to traditional treatment.,0,,,,,,,,
3009,Non-invasive ventilation use should be decreased if there is inadequate response to conventional treatment.,The non-invasive ventilation use should be reduced if there is an inadequate reaction to conventional therapy.,0,,,,,,,,
3036,Antimicrobial agents are less effective due to the pressure of antimicrobial usage.,Antimicrobial agents are less effective due to the environment pressure and antimicrobial use.,0,,,,,,,,
3037,Antimicrobial agents are less effective due to the pressure of antimicrobial usage.,"Specifically, antimicrobial agents are less effective due to the pressure of antimicrobial usage.",1,1,,,,,7,2,
3038,Antimicrobial agents are more effective due to the pressure of antimicrobial usage.,Antimicrobials are more effective due to the impact of antimicrobial use.,1,1,,,,,3,,
3039,Antimicrobial agents are more effective due to the pressure of antimicrobial usage.,Antimicrobial agents are more effective in the face of the use of antigen.,0,,,,,,,,
3043,Cost effectiveness evaluations based on cRCT data lack external validity.,Cost effectiveness analyses based on the CRCT data lack external validity.,0,,,,,,,,
3044,Cost effectiveness evaluations based on cRCT data lack external validity.,The cost effectiveness analyses based on the CRCT data lack external validity.,0,,,,,,,,
3063,Non-invasive ventilation use should be decreased if there is inadequate response to conventional treatment.,"If it is inadequate to respond to the Conventional Treatment, the use of non-invasive ventilation should be decreased.",0,,,,,,,,
3089,Antimicrobial agents are less effective due to the pressure of antimicrobial usage.,Antimicrobial agents are less effective due to the pressure of antibiotic use.,0,,,,,,,,
3090,Antimicrobial agents are more effective due to the pressure of antimicrobial usage.,Antimicrobial agents are more effective due to their pressure of antibacterial use.,0,,,,,,,,
3101,Non-invasive ventilation use should be decreased if there is inadequate response to conventional treatment.,The use of noninvasive ventilation should be decrease if there is an inadequate response to conventional treatment.,0,,,,,,,,
3102,Non-invasive ventilation use should be decreased if there is inadequate response to conventional treatment.,"If there is inadequate treatment to conventional ventilation, non-invasive should be the reduced use.",0,,,,,,,,
3127,Antimicrobial agents are more effective due to the pressure of antimicrobial usage.,Antimicrobial agents are more powerful because of their antibacterial use.,0,,,,,,,,
3128,Antimicrobial agents are more effective due to the pressure of antimicrobial usage.,Antimicrobial materials are more effective due to the pressure of anti-bacterial use.,0,,,,,,,,
3141,Bariatric surgery has a positive impact on mental health., I have found that bariatric surgery has influenced mental health positively.,0,,,,,,,,
3142,Bariatric surgery has a positive impact on mental health.,In vivo bariatric surgery has onset of geriatric and psychological health.,0,,,,,,,,
3143,Bariatric surgery has a positive impact on mental health.,Bariatric surgery has benefited in positive impact on mental health.,0,,,,,,,,
3144,Bariatric surgery has a positive impact on mental health.,"Bariatric surgery has, in my opinion of mental health positive effect.",0,,,,,,,,
3150,Non-invasive ventilation use should be decreased if there is inadequate response to conventional treatment.,If the non-invasive ventilation use is inadequate or are not due to conventional treatment.,0,,,,,,,,
3151,Non-invasive ventilation use should be decreased if there is inadequate response to conventional treatment.,"If there is inadequate response to conventional treatment, the non-invasive ventilation use should be decreased.",1,1,,,,,"(5, 7)",,